{"schemaVersion":"1.0","appDefinitionTemplate":{"id":"/providers/Microsoft.PowerApps/apps/","type":"Microsoft.PowerApps/apps","tags":{"primaryDeviceWidth":"640","primaryDeviceHeight":"1136","sienaVersion":"20200909T084335Z-3.20084.9.0","deviceCapabilities":"","supportsPortrait":"true","supportsLandscape":"false","primaryFormFactor":"Phone","publisherVersion":"3.20084.9","minimumRequiredApiVersion":"2.2.0","hasComponent":"false","hasUnlockedComponent":"false","isUnifiedRootApp":"false"},"properties":{"appVersion":"2020-09-09T08:43:35Z","lifeCycleId":"Published","createdByClientVersion":{"major":3,"minor":20084,"build":9,"revision":0,"majorRevision":0,"minorRevision":0},"minClientVersion":{"major":3,"minor":20084,"build":9,"revision":0,"majorRevision":0,"minorRevision":0},"backgroundColor":"rgba(0, 176, 240, 1)","backgroundImageUri":"/8455266917551668433/N9948dad4-3482-44c4-9f2b-54e31e443fda-logoSmallFile","displayName":"MedTrack","description":"","commitMessage":"","appUris":{"documentUri":{"value":"/8455266917551668433/Ne64c7c98-856e-462e-91c7-0dd46d40480c-document.msapp","readonlyValue":"/8455266917551668433/Ne64c7c98-856e-462e-91c7-0dd46d40480c-document.msapp"},"imageUris":[]},"createdTime":"0001-01-01T00:00:00Z","lastModifiedTime":"0001-01-01T00:00:00Z","sharedGroupsCount":0,"sharedUsersCount":0,"icons":{"smallIconUri":"/8455266917551668433/Nfd4817c4-5d2f-4459-87f8-ec7c5e27b3f6-small.png","mediumIconUri":"/8455266917551668433/N2a874271-a853-478a-b62c-563d1046bc97-medium.png","largeIconUri":"/8455266917551668433/N6a63e96c-b456-4e2c-993a-5908dc99bbac-large.png","wideIconUri":"/8455266917551668433/N73495cad-080e-449f-8ebb-07b29fbc0aca-wide.png"},"connectionReferences":{},"databaseReferences":{"default.cds":{"databaseDetails":{"referenceType":"NotSpecified","environmentName":"default.cds"},"dataSources":{"Contacts":{"entitySetName":"contacts","logicalName":"contact"}}}},"almMode":"Environment","performanceOptimizationEnabled":true,"canConsumeAppPass":true},"isAppComponentLibrary":false,"appType":"ClassicCanvasApp","appComponents":[]}}